Gene,Chrom,Start,End,Tier
FAT1,chr4,187628023,187628023,1
FAT1,chr4,187627867,187627867,1
TP53,chr17,7578260,7578260,1
TP53,chr17,7578205,7578205,1
NOTCH1,chr9,139407931,139407931,1
TP53,chr17,7578275,7578275,1
NOTCH1,chr9,139393636,139393636,1
TP53,chr17,7578212,7578212,1
TP53,chr17,7578406,7578406,1
FAT1,chr4,187628071,187628071,1
FAT1,chr4,187539071,187539071,1
TP53,chr17,7574003,7574003,1
TP53,chr17,7573976,7573976,1
TP53,chr17,7578212,7578212,1
TP53,chr17,7574003,7574003,1
FAT1,chr4,187629884,187629897,1
FAT1,chr4,187554893,187554893,1
TP53,chr17,7577538,7577538,1
TP53,chr17,7577575,7577575,1
TP53,chr17,7578253,7578253,1
TP53,chr17,7577082,7577082,1
TP53,chr17,7578485,7578485,1
FAT1,chr4,187525623,187525623,1
TP53,chr17,7574003,7574003,1
TP53,chr17,7578235,7578251,1
TP53,chr17,7577121,7577121,1
FAT1,chr4,187630895,187630896,1
FAT1,chr4,187540293,187540294,1
NOTCH1,chr9,139412330,139412330,1
TP53,chr17,7578525,7578525,1
FAT1,chr4,187630398,187630399,1
FAT1,chr4,187539951,187539951,1
TP53,chr17,7577538,7577538,1
FAT1,chr4,187628917,187628917,1
TP53,chr17,7577120,7577120,1
TP53,chr17,7578222,7578223,1
TP53,chr17,7579420,7579420,1
TP53,chr17,7579436,7579436,1
FAT1,chr4,187629914,187629915,1
TP53,chr17,7577539,7577539,1
TP53,chr17,7579485,7579485,1
TP53,chr17,7578406,7578406,1
TP53,chr17,7578217,7578218,1
TP53,chr17,7578457,7578457,1
FAT1,chr4,187629619,187629630,1
TP53,chr17,7577564,7577565,1
NOTCH1,chr9,139409053,139409053,1
TP53,chr17,7578550,7578550,1
TP53,chr17,7578275,7578275,1
FAT1,chr4,187542269,187542269,1
TP53,chr17,7577539,7577539,1
TP53,chr17,7578518,7578518,1
TP53,chr17,7578406,7578406,1
TP53,chr17,7577099,7577099,1
TP53,chr17,7577586,7577586,1
TP53,chr17,7577538,7577538,1
FAT1,chr4,187540941,187540942,1
FAT1,chr4,187532621,187532621,1
FAT1,chr4,187532573,187532573,1
TP53,chr17,7578553,7578553,1
TP53,chr17,7577094,7577094,1
TP53,chr17,7578406,7578406,1
TP53,chr17,7578192,7578192,1
NOTCH1,chr9,139438549,139438549,1
TP53,chr17,7577543,7577543,1
TP53,chr17,7578492,7578493,1
NOTCH1,chr9,139393696,139393696,1
TP53,chr17,7577538,7577538,1
NOTCH1,chr9,139401760,139401760,1
TP53,chr17,7578263,7578263,1
TP53,chr17,7577121,7577121,1
TP53,chr17,7578190,7578190,1
TP53,chr17,7577156,7577156,1
FAT1,chr4,187549326,187549327,1
TP53,chr17,7577092,7577092,1
TP53,chr17,7579528,7579528,1
TP53,chr17,7578461,7578461,1
FAT1,chr4,187530469,187530469,1
NOTCH1,chr9,139412744,139412744,1
TP53,chr17,7577565,7577565,1
TP53,chr17,7577094,7577094,1
TP53,chr17,7579377,7579381,1
FAT1,chr4,187524687,187524687,1
TP53,chr17,7577082,7577082,1
TP53,chr17,7577559,7577559,1
TP53,chr17,7574026,7574026,1
BRCA2,chr13,32944557,32944557,1
BRCA2,chr13,32910626,32910626,1
TP53,chr17,7578247,7578247,1
FAT1,chr4,187532783,187532783,1
TP53,chr17,7578406,7578406,1
NOTCH1,chr9,139412297,139412297,1
FAT1,chr4,187630778,187630778,1
TP53,chr17,7574003,7574003,1
TP53,chr17,7578389,7578389,1
TP53,chr17,7577093,7577093,1
TP53,chr17,7577085,7577086,1
FAT1,chr4,187629967,187629967,1
FAT1,chr4,187541367,187541367,1
TP53,chr17,7577121,7577121,1
FAT1,chr4,187541586,187541586,1
FAT1,chr4,187525001,187525002,1
NOTCH1,chr9,139399504,139399504,1
TP53,chr17,7577121,7577121,1
TP53,chr17,7577144,7577146,1
FAT1,chr4,187584594,187584594,1
FAT1,chr4,187542017,187542017,1
TP53,chr17,7578457,7578457,1
FAT1,chr4,187542357,187542357,1
TP53,chr17,7578263,7578263,1
TP53,chr17,7577094,7577094,1
FAT1,chr4,187540425,187540445,1
FAT1,chr4,187538220,187538220,1
TP53,chr17,7577094,7577094,1
FAT1,chr4,187628173,187628173,1
FAT1,chr4,187540906,187540906,1
TP53,chr17,7577538,7577538,1
FAT1,chr4,187542800,187542801,1
NOTCH1,chr9,139396524,139396524,1
FAT1,chr4,187628697,187628704,1
FAT1,chr4,187541913,187541913,1
TP53,chr17,7578263,7578263,1
TP53,chr17,7574003,7574003,1
TP53,chr17,7577558,7577558,1
TP53,chr17,7577094,7577094,1
CASP8,chr2,202150039,202150039,1
USP9X,chrX,40996157,40996157,2
CSMD3,chr8,113275917,113275917,2
CASP8,chr2,202149808,202149808,1
CASP8,chr2,202149568,202149568,1
KMT2D,chr12,49420098,49420098,1
USP9X,chrX,41077699,41077699,2
CASP8,chr2,202137484,202137484,1
HRAS,chr11,534289,534289,1
PIK3CA,chr3,178952072,178952072,1
CASP8,chr2,202149643,202149643,1
HRAS,chr11,534289,534289,1
CASP8,chr2,202131262,202131262,1
HRAS,chr11,534288,534288,1
CSMD3,chr8,113304884,113304884,2
CASP8,chr2,202137430,202137431,1
PIK3CA,chr3,178952090,178952090,1
PIK3CA,chr3,178936082,178936082,1
PIK3CA,chr3,178928277,178928277,1
KMT2D,chr12,49445834,49445834,1
CDKN2A,chr9,21971120,21971120,1
CASP8,chr2,202136249,202136249,1
CASP8,chr2,202149953,202149960,1
CASP8,chr2,202149962,202149962,1
CASP8,chr2,202136260,202136262,1
PIK3CA,chr3,178952085,178952085,1
USP9X,chrX,41000444,41000445,2
CASP8,chr2,202150030,202150030,1
HRAS,chr11,534288,534288,1
CDKN2A,chr9,21971120,21971120,1
CASP8,chr2,202149917,202149917,1
CASP8,chr2,202137393,202137393,1
CASP8,chr2,202137482,202137482,1
CDKN2A,chr9,21971120,21971120,1
CASP8,chr2,202149961,202149962,1
KMT2D,chr12,49447424,49447424,1
CSMD3,chr8,113697859,113697859,2
PIK3CA,chr3,178936091,178936091,1
CASP8,chr2,202137474,202137474,1
CASP8,chr2,202137660,202137660,1
CASP8,chr2,202149956,202149957,1
CDKN2A,chr9,21971028,21971028,1
CASP8,chr2,202141587,202141587,1
CASP8,chr2,202137430,202137431,1
CASP8,chr2,202131411,202131411,1
PIK3CA,chr3,178936094,178936094,1
CSMD3,chr8,113702187,113702187,2
PIK3CA,chr3,178936091,178936091,1
HRAS,chr11,534289,534289,1
CDKN2A,chr9,21971120,21971120,1
CASP8,chr2,202141586,202141586,1
USP9X,chrX,41026737,41026738,2
CASP8,chr2,202149808,202149808,1
KMT2D,chr12,49419968,49419968,1
CASP8,chr2,202150039,202150039,1
CASP8,chr2,202150030,202150030,1
CASP8,chr2,202137433,202137434,1
KMT2D,chr12,49420432,49420432,1
CSMD3,chr8,114111035,114111035,2
CASP8,chr2,202149917,202149917,1
CDKN2A,chr9,21971028,21971028,1
CSMD3,chr8,113966989,113966989,2
CSMD3,chr8,113702234,113702234,2
CSMD3,chr8,113651033,113651033,2
CSMD3,chr8,113293492,113293492,2
KMT2D,chr12,49444938,49444938,1
KMT2D,chr12,49444937,49444937,1
HRAS,chr11,534285,534285,1
CSMD3,chr8,113318236,113318236,2
CASP8,chr2,202131283,202131283,1
CASP8,chr2,202131264,202131264,1
HRAS,chr11,534286,534286,1
PIK3CA,chr3,178936094,178936094,1
PIK3CA,chr3,178921566,178921566,1
CASP8,chr2,202149683,202149683,1
CASP8,chr2,202131267,202131285,1
CASP8,chr2,202141586,202141586,1
CASP8,chr2,202149973,202149973,1
CASP8,chr2,202131292,202131292,1
CASP8,chr2,202149778,202149778,1
PIK3CA,chr3,178936091,178936091,1
USP9X,chrX,41056704,41056704,2
USP9X,chrX,41069808,41069808,2
CASP8,chr2,202149917,202149917,1
CASP8,chr2,202139643,202139643,1
CASP8,chr2,202137430,202137431,1
HRAS,chr11,534288,534288,1
CASP8,chr2,202131351,202131351,1
CASP8,chr2,202149818,202149819,1
PIK3CA,chr3,178952085,178952085,1
HRAS,chr11,533875,533875,1
CASP8,chr2,202137381,202137382,1
KMT2D,chr12,49443667,49443667,1
USP9X,chrX,41060534,41060534,2
CASP8,chr2,202141586,202141586,1
CASP8,chr2,202131410,202131410,1
CASP8,chr2,202149961,202149962,1
KMT2D,chr12,49420806,49420806,1
PIK3CA,chr3,178916725,178916725,1
KMT2D,chr12,49425230,49425230,1
CASP8,chr2,202150039,202150039,1
PIK3CA,chr3,178952085,178952085,1
