ID,Chromosome,Start,End,kb,# of SNP,Group
P001,4,51817441,52745501,928.061,119,Case
P002,4,51817441,52846137,1028.697,131,Case
P003,4,51817441,52873505,1056.065,137,Case
P004,4,51817441,52926311,1108.871,143,Case
P005,4,51817441,53003498,1186.058,151,Case
P006,4,51817441,53003498,1186.058,151,Case
P007,4,51817441,53006507,1189.067,153,Case
P008,4,51817441,53006507,1189.067,153,Case
P009,4,51817441,53793388,1975.948,272,Case
P010,4,51817441,53817855,2000.415,277,Case
P011,4,51817441,54101542,2284.102,321,Case
P012,4,51817441,54312942,2495.502,359,Case
P013,4,51817441,54583449,2766.009,418,Case
P014,4,51817441,54744682,2927.242,464,Case
P015,4,51817441,54758192,2940.752,468,Case
P016,4,51817441,54842249,3024.809,487,Case
P017,4,51817441,54950315,3132.875,513,Case
P018,4,51817441,54959211,3141.771,515,Case
P019,4,51817441,55020392,3202.952,528,Case
P020,4,51817441,55080504,3263.064,537,Case
P021,4,51817441,55115364,3297.924,562,Case
P022,4,51817441,55119648,3302.208,564,Case
P023,4,51817441,55768468,3951.028,677,Case
P024,4,51817441,56116075,4298.635,754,Case
P025,4,51817441,56188396,4370.956,775,Case
P026,4,51817441,56240029,4422.589,787,Case
P027,4,51817441,56296453,4479.013,806,Case
P028,4,51817441,56301114,4483.674,808,Case
P029,4,51817441,56641270,4823.83,880,Case
P030,4,51817441,56670154,4852.714,889,Case
P031,4,51817441,56681900,4864.46,890,Case
P032,4,51817441,56821191,5003.751,927,Case
P033,4,51817441,56841303,5023.863,934,Case
P034,4,51817441,57163034,5345.594,1017,Case
P035,4,51817441,57273907,5456.467,1048,Case
P036,4,51817441,57397700,5580.26,1078,Case
P037,4,51817441,60341335,8523.895,1555,Case
P038,4,51817441,60342766,8525.326,1556,Case
P039,4,51817441,60606957,8789.517,1604,Case
P040,4,51817441,61109815,9292.375,1716,Case
P041,4,51817441,61186749,9369.309,1730,Case
P042,4,51817441,63648599,11831.159,2154,Case
P043,4,51817441,63784448,11967.008,2172,Case
P044,4,51817441,65300731,13483.291,2387,Case
P045,4,51817441,65734601,13917.161,2490,Case
P046,4,51817441,65734601,13917.161,2490,Case
P047,4,51817441,66880571,15063.131,2655,Case
P048,4,51817441,68210494,16393.054,2877,Case
P049,4,51817441,68390234,16572.794,2905,Case
P050,4,51817441,68500812,16683.372,2928,Case
P051,4,51817441,68535454,16718.014,2929,Case
